"countries_and_codes_id";"country_code";"country_medical_visa_use_status";"country_name";"country_short_name";"datecreated";"updated_at"
1;"93";"0";"Afghanistan";"AF";"";""
2;"355";"0";"Albania";"AL";"";""
3;"213";"0";"Algeria";"DZ";"";""
4;"1684";"0";"American Samoa";"AS";"";""
5;"376";"0";"Andorra";"AD";"";""
6;"244";"0";"Angola";"AO";"";""
7;"1264";"0";"Anguilla";"AI";"";""
8;"0";"0";"Antarctica";"AQ";"";""
9;"1268";"0";"Antigua And Barbuda";"AG";"";""
10;"54";"0";"Argentina";"AR";"";""
11;"374";"0";"Armenia";"AM";"";""
12;"297";"0";"Aruba";"AW";"";""
13;"61";"0";"Australia";"AU";"";""
14;"43";"0";"Austria";"AT";"";""
15;"994";"0";"Azerbaijan";"AZ";"";""
16;"1242";"0";"Bahamas The";"BS";"";""
17;"973";"0";"Bahrain";"BH";"";""
18;"880";"1";"Bangladesh";"BD";"";"2024-03-14 15:39:51.785498"
19;"1246";"0";"Barbados";"BB";"";""
20;"375";"0";"Belarus";"BY";"";""
21;"32";"0";"Belgium";"BE";"";""
22;"501";"0";"Belize";"BZ";"";""
23;"229";"0";"Benin";"BJ";"";""
24;"1441";"0";"Bermuda";"BM";"";""
25;"975";"0";"Bhutan";"BT";"";""
26;"591";"0";"Bolivia";"BO";"";""
27;"387";"0";"Bosnia and Herzegovina";"BA";"";""
28;"267";"0";"Botswana";"BW";"";""
29;"0";"0";"Bouvet Island";"BV";"";""
30;"55";"0";"Brazil";"BR";"";""
31;"246";"0";"British Indian Ocean Territory";"IO";"";""
32;"673";"0";"Brunei";"BN";"";""
33;"359";"0";"Bulgaria";"BG";"";""
34;"226";"0";"Burkina Faso";"BF";"";""
35;"257";"0";"Burundi";"BI";"";""
36;"855";"0";"Cambodia";"KH";"";""
37;"237";"0";"Cameroon";"CM";"";""
38;"1";"0";"Canada";"CA";"";""
39;"238";"0";"Cape Verde";"CV";"";""
40;"1345";"0";"Cayman Islands";"KY";"";""
41;"236";"0";"Central African Republic";"CF";"";""
42;"235";"0";"Chad";"TD";"";""
43;"56";"0";"Chile";"CL";"";""
44;"86";"0";"China";"CN";"";""
45;"61";"0";"Christmas Island";"CX";"";""
46;"672";"0";"Cocos (Keeling) Islands";"CC";"";""
47;"57";"0";"Colombia";"CO";"";""
48;"269";"0";"Comoros";"KM";"";""
49;"242";"0";"Republic Of The Congo";"CG";"";""
50;"242";"0";"Democratic Republic Of The Congo";"CD";"";""
51;"682";"0";"Cook Islands";"CK";"";""
52;"506";"0";"Costa Rica";"CR";"";""
53;"225";"0";"Cote D'Ivoire (Ivory Coast)";"CI";"";""
54;"385";"0";"Croatia (Hrvatska)";"HR";"";""
55;"53";"0";"Cuba";"CU";"";""
56;"357";"0";"Cyprus";"CY";"";""
57;"420";"0";"Czech Republic";"CZ";"";""
58;"45";"0";"Denmark";"DK";"";""
59;"253";"0";"Djibouti";"DJ";"";""
60;"1767";"0";"Dominica";"DM";"";""
61;"1809";"0";"Dominican Republic";"DO";"";""
62;"670";"0";"East Timor";"TP";"";""
63;"593";"0";"Ecuador";"EC";"";""
64;"20";"0";"Egypt";"EG";"";""
65;"503";"0";"El Salvador";"SV";"";""
66;"240";"0";"Equatorial Guinea";"GQ";"";""
67;"291";"0";"Eritrea";"ER";"";""
68;"372";"0";"Estonia";"EE";"";""
69;"251";"0";"Ethiopia";"ET";"";""
70;"61";"0";"External Territories of Australia";"XA";"";""
71;"500";"0";"Falkland Islands";"FK";"";""
72;"298";"0";"Faroe Islands";"FO";"";""
73;"679";"0";"Fiji Islands";"FJ";"";""
74;"358";"0";"Finland";"FI";"";""
75;"33";"0";"France";"FR";"";""
76;"594";"0";"French Guiana";"GF";"";""
77;"689";"0";"French Polynesia";"PF";"";""
78;"0";"0";"French Southern Territories";"TF";"";""
79;"241";"0";"Gabon";"GA";"";""
80;"220";"0";"Gambia The";"GM";"";""
81;"995";"0";"Georgia";"GE";"";""
82;"49";"0";"Germany";"DE";"";""
83;"233";"0";"Ghana";"GH";"";""
84;"350";"0";"Gibraltar";"GI";"";""
85;"30";"0";"Greece";"GR";"";""
86;"299";"0";"Greenland";"GL";"";""
87;"1473";"0";"Grenada";"GD";"";""
88;"590";"0";"Guadeloupe";"GP";"";""
89;"1671";"0";"Guam";"GU";"";""
90;"502";"0";"Guatemala";"GT";"";""
91;"44";"0";"Guernsey and Alderney";"XU";"";""
92;"224";"0";"Guinea";"GN";"";""
93;"245";"0";"Guinea-Bissau";"GW";"";""
94;"592";"0";"Guyana";"GY";"";""
95;"509";"0";"Haiti";"HT";"";""
96;"0";"0";"Heard and McDonald Islands";"HM";"";""
97;"504";"0";"Honduras";"HN";"";""
98;"852";"0";"Hong Kong S.A.R.";"HK";"";""
99;"36";"0";"Hungary";"HU";"";""
100;"354";"0";"Iceland";"IS";"";""
101;"91";"1";"India";"IN";"";""
102;"62";"0";"Indonesia";"ID";"";""
103;"98";"0";"Iran";"IR";"";""
104;"964";"0";"Iraq";"IQ";"";""
105;"353";"0";"Ireland";"IE";"";""
106;"972";"0";"Israel";"IL";"";""
107;"39";"0";"Italy";"IT";"";""
108;"1876";"0";"Jamaica";"JM";"";""
109;"81";"0";"Japan";"JP";"";""
110;"44";"0";"Jersey";"XJ";"";""
111;"962";"0";"Jordan";"JO";"";""
112;"7";"0";"Kazakhstan";"KZ";"";""
113;"254";"0";"Kenya";"KE";"";""
114;"686";"0";"Kiribati";"KI";"";""
115;"850";"0";"Korea North";"KP";"";""
116;"82";"0";"Korea South";"KR";"";""
117;"965";"0";"Kuwait";"KW";"";""
118;"996";"0";"Kyrgyzstan";"KG";"";""
119;"856";"0";"Laos";"LA";"";""
120;"371";"0";"Latvia";"LV";"";""
121;"961";"0";"Lebanon";"LB";"";""
122;"266";"0";"Lesotho";"LS";"";""
123;"231";"0";"Liberia";"LR";"";""
124;"218";"0";"Libya";"LY";"";""
125;"423";"0";"Liechtenstein";"LI";"";""
126;"370";"0";"Lithuania";"LT";"";""
127;"352";"0";"Luxembourg";"LU";"";""
128;"853";"0";"Macau S.A.R.";"MO";"";""
129;"389";"0";"Macedonia";"MK";"";""
130;"261";"0";"Madagascar";"MG";"";""
131;"265";"0";"Malawi";"MW";"";""
132;"60";"0";"Malaysia";"MY";"";""
133;"960";"0";"Maldives";"MV";"";""
134;"223";"0";"Mali";"ML";"";""
135;"356";"0";"Malta";"MT";"";""
136;"44";"0";"Man (Isle of)";"XM";"";""
137;"692";"0";"Marshall Islands";"MH";"";""
138;"596";"0";"Martinique";"MQ";"";""
139;"222";"0";"Mauritania";"MR";"";""
140;"230";"0";"Mauritius";"MU";"";""
141;"269";"0";"Mayotte";"YT";"";""
142;"52";"0";"Mexico";"MX";"";""
143;"691";"0";"Micronesia";"FM";"";""
144;"373";"0";"Moldova";"MD";"";""
145;"377";"0";"Monaco";"MC";"";""
146;"976";"0";"Mongolia";"MN";"";""
147;"1664";"0";"Montserrat";"MS";"";""
148;"212";"0";"Morocco";"MA";"";""
149;"258";"0";"Mozambique";"MZ";"";""
150;"95";"0";"Myanmar";"MM";"";""
151;"264";"0";"Namibia";"NA";"";""
152;"674";"0";"Nauru";"NR";"";""
153;"977";"0";"Nepal";"NP";"";""
154;"599";"0";"Netherlands Antilles";"AN";"";""
155;"31";"0";"Netherlands The";"NL";"";""
156;"687";"0";"New Caledonia";"NC";"";""
157;"64";"0";"New Zealand";"NZ";"";""
158;"505";"0";"Nicaragua";"NI";"";""
159;"227";"0";"Niger";"NE";"";""
160;"234";"0";"Nigeria";"NG";"";""
161;"683";"0";"Niue";"NU";"";""
162;"672";"0";"Norfolk Island";"NF";"";""
163;"1670";"0";"Northern Mariana Islands";"MP";"";""
164;"47";"0";"Norway";"NO";"";""
165;"968";"0";"Oman";"OM";"";""
166;"92";"0";"Pakistan";"PK";"";""
167;"680";"0";"Palau";"PW";"";""
168;"970";"0";"Palestinian Territory Occupied";"PS";"";""
169;"507";"0";"Panama";"PA";"";""
170;"675";"0";"Papua new Guinea";"PG";"";""
171;"595";"0";"Paraguay";"PY";"";""
172;"51";"0";"Peru";"PE";"";""
173;"63";"0";"Philippines";"PH";"";""
174;"0";"0";"Pitcairn Island";"PN";"";""
175;"48";"0";"Poland";"PL";"";""
176;"351";"0";"Portugal";"PT";"";""
177;"1787";"0";"Puerto Rico";"PR";"";""
178;"974";"0";"Qatar";"QA";"";""
179;"262";"0";"Reunion";"RE";"";""
180;"40";"0";"Romania";"RO";"";""
181;"70";"0";"Russia";"RU";"";""
182;"250";"0";"Rwanda";"RW";"";""
183;"290";"0";"Saint Helena";"SH";"";""
184;"1869";"0";"Saint Kitts And Nevis";"KN";"";""
185;"1758";"0";"Saint Lucia";"LC";"";""
186;"508";"0";"Saint Pierre and Miquelon";"PM";"";""
187;"1784";"0";"Saint Vincent And The Grenadines";"VC";"";""
188;"684";"0";"Samoa";"WS";"";""
189;"378";"0";"San Marino";"SM";"";""
190;"239";"0";"Sao Tome and Principe";"ST";"";""
191;"966";"0";"Saudi Arabia";"SA";"";""
192;"221";"0";"Senegal";"SN";"";""
193;"381";"0";"Serbia";"RS";"";""
194;"248";"0";"Seychelles";"SC";"";""
195;"232";"0";"Sierra Leone";"SL";"";""
196;"65";"0";"Singapore";"SG";"";""
197;"421";"0";"Slovakia";"SK";"";""
198;"386";"0";"Slovenia";"SI";"";""
199;"44";"0";"Smaller Territories of the UK";"XG";"";""
200;"677";"0";"Solomon Islands";"SB";"";""
201;"252";"0";"Somalia";"SO";"";""
202;"27";"0";"South Africa";"ZA";"";""
203;"0";"0";"South Georgia";"GS";"";""
204;"211";"0";"South Sudan";"SS";"";""
205;"34";"0";"Spain";"ES";"";""
206;"94";"0";"Sri Lanka";"LK";"";""
207;"249";"0";"Sudan";"SD";"";""
208;"597";"0";"Suriname";"SR";"";""
209;"47";"0";"Svalbard And Jan Mayen Islands";"SJ";"";""
210;"268";"0";"Swaziland";"SZ";"";""
211;"46";"0";"Sweden";"SE";"";""
212;"41";"0";"Switzerland";"CH";"";""
213;"963";"0";"Syria";"SY";"";""
214;"886";"0";"Taiwan";"TW";"";""
215;"992";"0";"Tajikistan";"TJ";"";""
216;"255";"0";"Tanzania";"TZ";"";""
217;"66";"0";"Thailand";"TH";"";""
218;"228";"0";"Togo";"TG";"";""
219;"690";"0";"Tokelau";"TK";"";""
220;"676";"0";"Tonga";"TO";"";""
221;"1868";"0";"Trinidad And Tobago";"TT";"";""
222;"216";"0";"Tunisia";"TN";"";""
223;"90";"0";"Turkey";"TR";"";""
224;"7370";"0";"Turkmenistan";"TM";"";""
225;"1649";"0";"Turks And Caicos Islands";"TC";"";""
226;"688";"0";"Tuvalu";"TV";"";""
227;"256";"0";"Uganda";"UG";"";""
228;"380";"0";"Ukraine";"UA";"";""
229;"971";"0";"United Arab Emirates";"AE";"";""
230;"44";"0";"United Kingdom";"GB";"";""
231;"1";"0";"United States";"US";"";""
232;"1";"0";"United States Minor Outlying Islands";"UM";"";""
233;"598";"0";"Uruguay";"UY";"";""
234;"998";"0";"Uzbekistan";"UZ";"";""
235;"678";"0";"Vanuatu";"VU";"";""
236;"39";"0";"Vatican City State (Holy See)";"VA";"";""
237;"58";"0";"Venezuela";"VE";"";""
238;"84";"0";"Vietnam";"VN";"";""
239;"1284";"0";"Virgin Islands (British)";"VG";"";""
240;"1340";"0";"Virgin Islands (US)";"VI";"";""
241;"681";"0";"Wallis And Futuna Islands";"WF";"";""
242;"212";"0";"Western Sahara";"EH";"";""
243;"967";"0";"Yemen";"YE";"";""
244;"38";"0";"Yugoslavia";"YU";"";""
245;"260";"0";"Zambia";"ZM";"";""
246;"263";"0";"Zimbabwe";"ZW";"";""
